ALTER SESSION SET "_ORACLE_SCRIPT"=TRUE;

CREATE TABLE regions
    ( region_id      NUMBER 
       CONSTRAINT  region_id_nn NOT NULL 
    , region_name    VARCHAR2(25) 
    );

CREATE UNIQUE INDEX reg_id_pk
ON regions (region_id);

ALTER TABLE regions
ADD ( CONSTRAINT reg_id_pk
       		 PRIMARY KEY (region_id)
    ) ;

CREATE TABLE countries 
    ( country_id      CHAR(2) 
       CONSTRAINT  country_id_nn NOT NULL 
    , country_name    VARCHAR2(40) 
    , region_id       NUMBER 
    , CONSTRAINT     country_c_id_pk 
        	     PRIMARY KEY (country_id) 
    ) 
    ORGANIZATION INDEX; 

ALTER TABLE countries
ADD ( CONSTRAINT countr_reg_fk
        	 FOREIGN KEY (region_id)
          	  REFERENCES regions(region_id) 
    ) ;

CREATE TABLE locations
    ( location_id    NUMBER(4)
    , street_address VARCHAR2(40)
    , postal_code    VARCHAR2(12)
    , city       VARCHAR2(30)
	CONSTRAINT     loc_city_nn  NOT NULL
    , state_province VARCHAR2(25)
    , country_id     CHAR(2)
    ) ;

CREATE UNIQUE INDEX loc_id_pk
ON locations (location_id) ;

ALTER TABLE locations
ADD ( CONSTRAINT loc_id_pk
       		 PRIMARY KEY (location_id)
    , CONSTRAINT loc_c_id_fk
       		 FOREIGN KEY (country_id)
        	  REFERENCES countries(country_id) 
    ) ;

CREATE SEQUENCE locations_seq
 START WITH     3300
 INCREMENT BY   100
 MAXVALUE       9900
 NOCACHE
 NOCYCLE;


CREATE TABLE departments
    ( department_id    NUMBER(4)
    , department_name  VARCHAR2(30)
	CONSTRAINT  dept_name_nn  NOT NULL
    , manager_id       NUMBER(6)
    , location_id      NUMBER(4)
    ) ;

CREATE UNIQUE INDEX dept_id_pk
ON departments (department_id) ;

ALTER TABLE departments
ADD ( CONSTRAINT dept_id_pk
       		 PRIMARY KEY (department_id)
    , CONSTRAINT dept_loc_fk
       		 FOREIGN KEY (location_id)
        	  REFERENCES locations (location_id)
     ) ;

CREATE SEQUENCE departments_seq
 START WITH     280
 INCREMENT BY   10
 MAXVALUE       9990
 NOCACHE
 NOCYCLE;

CREATE TABLE jobs
    ( job_id         VARCHAR2(10)
    , job_title      VARCHAR2(35)
	CONSTRAINT     job_title_nn  NOT NULL
    , min_salary     NUMBER(6)
    , max_salary     NUMBER(6)
    ) ;

CREATE UNIQUE INDEX job_id_pk 
ON jobs (job_id) ;

ALTER TABLE jobs
ADD ( CONSTRAINT job_id_pk
      		 PRIMARY KEY(job_id)
    ) ;

CREATE TABLE employees
    ( employee_id    NUMBER(6)
    , first_name     VARCHAR2(20)
    , last_name      VARCHAR2(25)
	 CONSTRAINT     emp_last_name_nn  NOT NULL
    , email          VARCHAR2(25)
	CONSTRAINT     emp_email_nn  NOT NULL
    , phone_number   VARCHAR2(20)
    , hire_date      DATE
	CONSTRAINT     emp_hire_date_nn  NOT NULL
    , job_id         VARCHAR2(10)
	CONSTRAINT     emp_job_nn  NOT NULL
    , salary         NUMBER(8,2)
    , commission_pct NUMBER(2,2)
    , manager_id     NUMBER(6)
    , department_id  NUMBER(4)
    , CONSTRAINT     emp_salary_min
                     CHECK (salary > 0) 
    , CONSTRAINT     emp_email_uk
                     UNIQUE (email)
    ) ;

CREATE UNIQUE INDEX emp_emp_id_pk
ON employees (employee_id) ;


ALTER TABLE employees
ADD ( CONSTRAINT     emp_emp_id_pk
                     PRIMARY KEY (employee_id)
    , CONSTRAINT     emp_dept_fk
                     FOREIGN KEY (department_id)
                      REFERENCES departments
    , CONSTRAINT     emp_job_fk
                     FOREIGN KEY (job_id)
                      REFERENCES jobs (job_id)
    , CONSTRAINT     emp_manager_fk
                     FOREIGN KEY (manager_id)
                      REFERENCES employees
    ) ;

ALTER TABLE departments
ADD ( CONSTRAINT dept_mgr_fk
      		 FOREIGN KEY (manager_id)
      		  REFERENCES employees (employee_id)
    ) ;

CREATE SEQUENCE employees_seq
 START WITH     207
 INCREMENT BY   1
 NOCACHE
 NOCYCLE;

CREATE TABLE job_history
    ( employee_id   NUMBER(6)
	 CONSTRAINT    jhist_employee_nn  NOT NULL
    , start_date    DATE
	CONSTRAINT    jhist_start_date_nn  NOT NULL
    , end_date      DATE
	CONSTRAINT    jhist_end_date_nn  NOT NULL
    , job_id        VARCHAR2(10)
	CONSTRAINT    jhist_job_nn  NOT NULL
    , department_id NUMBER(4)
    , CONSTRAINT    jhist_date_interval
                    CHECK (end_date > start_date)
    ) ;

CREATE UNIQUE INDEX jhist_emp_id_st_date_pk 
ON job_history (employee_id, start_date) ;

ALTER TABLE job_history
ADD ( CONSTRAINT jhist_emp_id_st_date_pk
      PRIMARY KEY (employee_id, start_date)
    , CONSTRAINT     jhist_job_fk
                     FOREIGN KEY (job_id)
                     REFERENCES jobs
    , CONSTRAINT     jhist_emp_fk
                     FOREIGN KEY (employee_id)
                     REFERENCES employees
    , CONSTRAINT     jhist_dept_fk
                     FOREIGN KEY (department_id)
                     REFERENCES departments
    ) ;

CREATE OR REPLACE VIEW emp_details_view
  (employee_id,
   job_id,
   manager_id,
   department_id,
   location_id,
   country_id,
   first_name,
   last_name,
   salary,
   commission_pct,
   department_name,
   job_title,
   city,
   state_province,
   country_name,
   region_name)
AS SELECT
  e.employee_id, 
  e.job_id, 
  e.manager_id, 
  e.department_id,
  d.location_id,
  l.country_id,
  e.first_name,
  e.last_name,
  e.salary,
  e.commission_pct,
  d.department_name,
  j.job_title,
  l.city,
  l.state_province,
  c.country_name,
  r.region_name
FROM
  employees e,
  departments d,
  jobs j,
  locations l,
  countries c,
  regions r
WHERE e.department_id = d.department_id
  AND d.location_id = l.location_id
  AND l.country_id = c.country_id
  AND c.region_id = r.region_id
  AND j.job_id = e.job_id 
WITH READ ONLY;

INSERT INTO regions VALUES 
        ( 1
        , 'Europe' 
        );

INSERT INTO regions VALUES 
        ( 2
        , 'Americas' 
        );

INSERT INTO regions VALUES 
        ( 3
        , 'Asia' 
        );

INSERT INTO regions VALUES 
        ( 4
        , 'Middle East and Africa' 
        );

INSERT INTO countries VALUES 
        ( 'IT'
        , 'Italy'
        , 1 
        );

INSERT INTO countries VALUES 
        ( 'JP'
        , 'Japan'
	, 3 
        );

INSERT INTO countries VALUES 
        ( 'US'
        , 'United States of America'
        , 2 
        );

INSERT INTO countries VALUES 
        ( 'CA'
        , 'Canada'
        , 2 
        );

INSERT INTO countries VALUES 
        ( 'CN'
        , 'China'
        , 3 
        );

INSERT INTO countries VALUES 
        ( 'IN'
        , 'India'
        , 3 
        );

INSERT INTO countries VALUES 
        ( 'AU'
        , 'Australia'
        , 3 
        );

INSERT INTO countries VALUES 
        ( 'ZW'
        , 'Zimbabwe'
        , 4 
        );

INSERT INTO countries VALUES 
        ( 'SG'
        , 'Singapore'
        , 3 
        );

INSERT INTO countries VALUES 
        ( 'UK'
        , 'United Kingdom'
        , 1 
        );

INSERT INTO countries VALUES 
        ( 'FR'
        , 'France'
        , 1 
        );

INSERT INTO countries VALUES 
        ( 'DE'
        , 'Germany'
        , 1 
        );

INSERT INTO countries VALUES 
        ( 'ZM'
        , 'Zambia'
        , 4 
        );

INSERT INTO countries VALUES 
        ( 'EG'
        , 'Egypt'
        , 4 
        );

INSERT INTO countries VALUES 
        ( 'BR'
        , 'Brazil'
        , 2 
        );

INSERT INTO countries VALUES 
        ( 'CH'
        , 'Switzerland'
        , 1 
        );

INSERT INTO countries VALUES 
        ( 'NL'
        , 'Netherlands'
        , 1 
        );

INSERT INTO countries VALUES 
        ( 'MX'
        , 'Mexico'
        , 2 
        );

INSERT INTO countries VALUES 
        ( 'KW'
        , 'Kuwait'
        , 4 
        );

INSERT INTO countries VALUES 
        ( 'IL'
        , 'Israel'
        , 4 
        );

INSERT INTO countries VALUES 
        ( 'DK'
        , 'Denmark'
        , 1 
        );

INSERT INTO countries VALUES 
        ( 'HK'
        , 'HongKong'
        , 3 
        );

INSERT INTO countries VALUES 
        ( 'NG'
        , 'Nigeria'
        , 4 
        );

INSERT INTO countries VALUES 
        ( 'AR'
        , 'Argentina'
        , 2 
        );

INSERT INTO countries VALUES 
        ( 'BE'
        , 'Belgium'
        , 1 
        );

INSERT INTO locations VALUES 
        ( 1000 
        , '1297 Via Cola di Rie'
        , '00989'
        , 'Roma'
        , NULL
        , 'IT'
        );

INSERT INTO locations VALUES 
        ( 1100 
        , '93091 Calle della Testa'
        , '10934'
        , 'Venice'
        , NULL
        , 'IT'
        );

INSERT INTO locations VALUES 
        ( 1200 
        , '2017 Shinjuku-ku'
        , '1689'
        , 'Tokyo'
        , 'Tokyo Prefecture'
        , 'JP'
        );

INSERT INTO locations VALUES 
        ( 1300 
        , '9450 Kamiya-cho'
        , '6823'
        , 'Hiroshima'
        , NULL
        , 'JP'
        );

INSERT INTO locations VALUES 
        ( 1400 
        , '2014 Jabberwocky Rd'
        , '26192'
        , 'Southlake'
        , 'Texas'
        , 'US'
        );

INSERT INTO locations VALUES 
        ( 1500 
        , '2011 Interiors Blvd'
        , '99236'
        , 'South San Francisco'
        , 'California'
        , 'US'
        );

INSERT INTO locations VALUES 
        ( 1600 
        , '2007 Zagora St'
        , '50090'
        , 'South Brunswick'
        , 'New Jersey'
        , 'US'
        );

INSERT INTO locations VALUES 
        ( 1700 
        , '2004 Charade Rd'
        , '98199'
        , 'Seattle'
        , 'Washington'
        , 'US'
        );

INSERT INTO locations VALUES 
        ( 1800 
        , '147 Spadina Ave'
        , 'M5V 2L7'
        , 'Toronto'
        , 'Ontario'
        , 'CA'
        );

INSERT INTO locations VALUES 
        ( 1900 
        , '6092 Boxwood St'
        , 'YSW 9T2'
        , 'Whitehorse'
        , 'Yukon'
        , 'CA'
        );

INSERT INTO locations VALUES 
        ( 2000 
        , '40-5-12 Laogianggen'
        , '190518'
        , 'Beijing'
        , NULL
        , 'CN'
        );

INSERT INTO locations VALUES 
        ( 2100 
        , '1298 Vileparle (E)'
        , '490231'
        , 'Bombay'
        , 'Maharashtra'
        , 'IN'
        );

INSERT INTO locations VALUES 
        ( 2200 
        , '12-98 Victoria Street'
        , '2901'
        , 'Sydney'
        , 'New South Wales'
        , 'AU'
        );

INSERT INTO locations VALUES 
        ( 2300 
        , '198 Clementi North'
        , '540198'
        , 'Singapore'
        , NULL
        , 'SG'
        );

INSERT INTO locations VALUES 
        ( 2400 
        , '8204 Arthur St'
        , NULL
        , 'London'
        , NULL
        , 'UK'
        );

INSERT INTO locations VALUES 
        ( 2500 
        , 'Magdalen Centre, The Oxford Science Park'
        , 'OX9 9ZB'
        , 'Oxford'
        , 'Oxford'
        , 'UK'
        );

INSERT INTO locations VALUES 
        ( 2600 
        , '9702 Chester Road'
        , '09629850293'
        , 'Stretford'
        , 'Manchester'
        , 'UK'
        );

INSERT INTO locations VALUES 
        ( 2700 
        , 'Schwanthalerstr. 7031'
        , '80925'
        , 'Munich'
        , 'Bavaria'
        , 'DE'
        );

INSERT INTO locations VALUES 
        ( 2800 
        , 'Rua Frei Caneca 1360 '
        , '01307-002'
        , 'Sao Paulo'
        , 'Sao Paulo'
        , 'BR'
        );

INSERT INTO locations VALUES 
        ( 2900 
        , '20 Rue des Corps-Saints'
        , '1730'
        , 'Geneva'
        , 'Geneve'
        , 'CH'
        );

INSERT INTO locations VALUES 
        ( 3000 
        , 'Murtenstrasse 921'
        , '3095'
        , 'Bern'
        , 'BE'
        , 'CH'
        );

INSERT INTO locations VALUES 
        ( 3100 
        , 'Pieter Breughelstraat 837'
        , '3029SK'
        , 'Utrecht'
        , 'Utrecht'
        , 'NL'
        );

INSERT INTO locations VALUES 
        ( 3200 
        , 'Mariano Escobedo 9991'
        , '11932'
        , 'Mexico City'
        , 'Distrito Federal,'
        , 'MX'
        );

ALTER TABLE departments 
  DISABLE CONSTRAINT dept_mgr_fk;

INSERT INTO departments VALUES 
        ( 10
        , 'Administration'
        , 200
        , 1700
        );

INSERT INTO departments VALUES 
        ( 20
        , 'Marketing'
        , 201
        , 1800
        );
                                
INSERT INTO departments VALUES 
        ( 30
        , 'Purchasing'
        , 114
        , 1700
	);
                
INSERT INTO departments VALUES 
        ( 40
        , 'Human Resources'
        , 203
        , 2400
        );

INSERT INTO departments VALUES 
        ( 50
        , 'Shipping'
        , 121
        , 1500
        );
                
INSERT INTO departments VALUES 
        ( 60 
        , 'IT'
        , 103
        , 1400
        );
                
INSERT INTO departments VALUES 
        ( 70 
        , 'Public Relations'
        , 204
        , 2700
        );
                
INSERT INTO departments VALUES 
        ( 80 
        , 'Sales'
        , 145
        , 2500
        );
                
INSERT INTO departments VALUES 
        ( 90 
        , 'Executive'
        , 100
        , 1700
        );

INSERT INTO departments VALUES 
        ( 100 
        , 'Finance'
        , 108
        , 1700
        );
                
INSERT INTO departments VALUES 
        ( 110 
        , 'Accounting'
        , 205
        , 1700
        );

INSERT INTO departments VALUES 
        ( 120 
        , 'Treasury'
        , NULL
        , 1700
        );

INSERT INTO departments VALUES 
        ( 130 
        , 'Corporate Tax'
        , NULL
        , 1700
        );

INSERT INTO departments VALUES 
        ( 140 
        , 'Control And Credit'
        , NULL
        , 1700
        );

INSERT INTO departments VALUES 
        ( 150 
        , 'Shareholder Services'
        , NULL
        , 1700
        );

INSERT INTO departments VALUES 
        ( 160 
        , 'Benefits'
        , NULL
        , 1700
        );

INSERT INTO departments VALUES 
        ( 170 
        , 'Manufacturing'
        , NULL
        , 1700
        );

INSERT INTO departments VALUES 
        ( 180 
        , 'Construction'
        , NULL
        , 1700
        );

INSERT INTO departments VALUES 
        ( 190 
        , 'Contracting'
        , NULL
        , 1700
        );

INSERT INTO departments VALUES 
        ( 200 
        , 'Operations'
        , NULL
        , 1700
        );

INSERT INTO departments VALUES 
        ( 210 
        , 'IT Support'
        , NULL
        , 1700
        );

INSERT INTO departments VALUES 
        ( 220 
        , 'NOC'
        , NULL
        , 1700
        );

INSERT INTO departments VALUES 
        ( 230 
        , 'IT Helpdesk'
        , NULL
        , 1700
        );

INSERT INTO departments VALUES 
        ( 240 
        , 'Government Sales'
        , NULL
        , 1700
        );

INSERT INTO departments VALUES 
        ( 250 
        , 'Retail Sales'
        , NULL
        , 1700
        );

INSERT INTO departments VALUES 
        ( 260 
        , 'Recruiting'
        , NULL
        , 1700
        );

INSERT INTO departments VALUES 
        ( 270 
        , 'Payroll'
        , NULL
        , 1700
        );

INSERT INTO jobs VALUES 
        ( 'AD_PRES'
        , 'President'
        , 20000
        , 40000
        );
INSERT INTO jobs VALUES 
        ( 'AD_VP'
        , 'Administration Vice President'
        , 15000
        , 30000
        );

INSERT INTO jobs VALUES 
        ( 'AD_ASST'
        , 'Administration Assistant'
        , 3000
        , 6000
        );

INSERT INTO jobs VALUES 
        ( 'FI_MGR'
        , 'Finance Manager'
        , 8200
        , 16000
        );

INSERT INTO jobs VALUES 
        ( 'FI_ACCOUNT'
        , 'Accountant'
        , 4200
        , 9000
        );

INSERT INTO jobs VALUES 
        ( 'AC_MGR'
        , 'Accounting Manager'
        , 8200
        , 16000
        );

INSERT INTO jobs VALUES 
        ( 'AC_ACCOUNT'
        , 'Public Accountant'
        , 4200
        , 9000
        );
INSERT INTO jobs VALUES 
        ( 'SA_MAN'
        , 'Sales Manager'
        , 10000
        , 20000
        );

INSERT INTO jobs VALUES 
        ( 'SA_REP'
        , 'Sales Representative'
        , 6000
        , 12000
        );

INSERT INTO jobs VALUES 
        ( 'PU_MAN'
        , 'Purchasing Manager'
        , 8000
        , 15000
        );

INSERT INTO jobs VALUES 
        ( 'PU_CLERK'
        , 'Purchasing Clerk'
        , 2500
        , 5500
        );

INSERT INTO jobs VALUES 
        ( 'ST_MAN'
        , 'Stock Manager'
        , 5500
        , 8500
        );
INSERT INTO jobs VALUES 
        ( 'ST_CLERK'
        , 'Stock Clerk'
        , 2000
        , 5000
        );

INSERT INTO jobs VALUES 
        ( 'SH_CLERK'
        , 'Shipping Clerk'
        , 2500
        , 5500
        );

INSERT INTO jobs VALUES 
        ( 'IT_PROG'
        , 'Programmer'
        , 4000
        , 10000
        );

INSERT INTO jobs VALUES 
        ( 'MK_MAN'
        , 'Marketing Manager'
        , 9000
        , 15000
        );

INSERT INTO jobs VALUES 
        ( 'MK_REP'
        , 'Marketing Representative'
        , 4000
        , 9000
        );

INSERT INTO jobs VALUES 
        ( 'HR_REP'
        , 'Human Resources Representative'
        , 4000
        , 9000
        );

INSERT INTO jobs VALUES 
        ( 'PR_REP'
        , 'Public Relations Representative'
        , 4500
        , 10500
        );

INSERT INTO employees VALUES 
        ( 100
        , 'Steven'
        , 'King'
        , 'SKING'
        , '515.123.4567'
        , TO_DATE('17-JUN-1987', 'dd-MON-yyyy')
        , 'AD_PRES'
        , 24000
        , NULL
        , NULL
        , 90
        );

INSERT INTO employees VALUES 
        ( 101
        , 'Neena'
        , 'Kochhar'
        , 'NKOCHHAR'
        , '515.123.4568'
        , TO_DATE('21-SET-1989', 'dd-MON-yyyy')
        , 'AD_VP'
        , 17000
        , NULL
        , 100
        , 90
        );

INSERT INTO employees VALUES 
        ( 102
        , 'Lex'
        , 'De Haan'
        , 'LDEHAAN'
        , '515.123.4569'
        , TO_DATE('13-JAN-1993', 'dd-MON-yyyy')
        , 'AD_VP'
        , 17000
        , NULL
        , 100
        , 90
        );

INSERT INTO employees VALUES 
        ( 103
        , 'Alexander'
        , 'Hunold'
        , 'AHUNOLD'
        , '590.423.4567'
        , TO_DATE('03-JAN-1990', 'dd-MON-yyyy')
        , 'IT_PROG'
        , 9000
        , NULL
        , 102
        , 60
        );

INSERT INTO employees VALUES 
        ( 104
        , 'Bruce'
        , 'Ernst'
        , 'BERNST'
        , '590.423.4568'
        , TO_DATE('21-MAI-1991', 'dd-MON-yyyy')
        , 'IT_PROG'
        , 6000
        , NULL
        , 103
        , 60
        );

INSERT INTO employees VALUES 
        ( 107
        , 'Diana'
        , 'Lorentz'
        , 'DLORENTZ'
        , '590.423.5567'
        , TO_DATE('07-FEV-1999', 'dd-MON-yyyy')
        , 'IT_PROG'
        , 4200
        , NULL
        , 103
        , 60
        );

INSERT INTO employees VALUES 
        ( 124
        , 'Kevin'
        , 'Mourgos'
        , 'KMOURGOS'
        , '650.123.5234'
        , TO_DATE('16-NOV-1999', 'dd-MON-yyyy')
        , 'ST_MAN'
        , 5800
        , NULL
        , 100
        , 50
        );

INSERT INTO employees VALUES 
        ( 141
        , 'Trenna'
        , 'Rajs'
        , 'TRAJS'
        , '650.121.8009'
        , TO_DATE('17-OUT-1995', 'dd-MON-yyyy')
        , 'ST_CLERK'
        , 3500
        , NULL
        , 124
        , 50
        );

INSERT INTO employees VALUES 
        ( 142
        , 'Curtis'
        , 'Davies'
        , 'CDAVIES'
        , '650.121.2994'
        , TO_DATE('29-JAN-1997', 'dd-MON-yyyy')
        , 'ST_CLERK'
        , 3100
        , NULL
        , 124
        , 50
        );

INSERT INTO employees VALUES 
        ( 143
        , 'Randall'
        , 'Matos'
        , 'RMATOS'
        , '650.121.2874'
        , TO_DATE('15-MAR-1998', 'dd-MON-yyyy')
        , 'ST_CLERK'
        , 2600
        , NULL
        , 124
        , 50
        );

INSERT INTO employees VALUES 
        ( 144
        , 'Peter'
        , 'Vargas'
        , 'PVARGAS'
        , '650.121.2004'
        , TO_DATE('09-JUL-1998', 'dd-MON-yyyy')
        , 'ST_CLERK'
        , 2500
        , NULL
        , 124
        , 50
        );

INSERT INTO employees VALUES 
        ( 149
        , 'Eleni'
        , 'Zlotkey'
        , 'EZLOTKEY'
        , '011.44.1344.429018'
        , TO_DATE('29-JAN-2000', 'dd-MON-yyyy')
        , 'SA_MAN'
        , 10500
        , .2
        , 100
        , 80
        );

INSERT INTO employees VALUES 
        ( 174
        , 'Ellen'
        , 'Abel'
        , 'EABEL'
        , '011.44.1644.429267'
        , TO_DATE('11-MAI-1996', 'dd-MON-yyyy')
        , 'SA_REP'
        , 11000
        , .30
        , 149
        , 80
        );

INSERT INTO employees VALUES 
        ( 176
        , 'Jonathon'
        , 'Taylor'
        , 'JTAYLOR'
        , '011.44.1644.429265'
        , TO_DATE('24-MAR-1998', 'dd-MON-yyyy')
        , 'SA_REP'
        , 8600
        , .20
        , 149
        , 80
        );

INSERT INTO employees VALUES 
        ( 178
        , 'Kimberely'
        , 'Grant'
        , 'KGRANT'
        , '011.44.1644.429263'
        , TO_DATE('24-MAI-1999', 'dd-MON-yyyy')
        , 'SA_REP'
        , 7000
        , .15
        , 149
        , NULL
        );

INSERT INTO employees VALUES 
        ( 200
        , 'Jennifer'
        , 'Whalen'
        , 'JWHALEN'
        , '515.123.4444'
        , TO_DATE('17-SET-1987', 'dd-MON-yyyy')
        , 'AD_ASST'
        , 4400
        , NULL
        , 101
        , 10
        );

INSERT INTO employees VALUES 
        ( 201
        , 'Michael'
        , 'Hartstein'
        , 'MHARTSTE'
        , '515.123.5555'
        , TO_DATE('17-FEV-1996', 'dd-MON-yyyy')
        , 'MK_MAN'
        , 13000
        , NULL
        , 100
        , 20
        );

INSERT INTO employees VALUES 
        ( 202
        , 'Pat'
        , 'Fay'
        , 'PFAY'
        , '603.123.6666'
        , TO_DATE('17-AGO-1997', 'dd-MON-yyyy')
        , 'MK_REP'
        , 6000
        , NULL
        , 201
        , 20
        );

INSERT INTO employees VALUES 
        ( 205
        , 'Shelley'
        , 'Higgins'
        , 'SHIGGINS'
        , '515.123.8080'
        , TO_DATE('07-JUN-1994', 'dd-MON-yyyy')
        , 'AC_MGR'
        , 12000
        , NULL
        , 101
        , 110
        );

INSERT INTO employees VALUES 
        ( 206
        , 'William'
        , 'Gietz'
        , 'WGIETZ'
        , '515.123.8181'
        , TO_DATE('07-JUN-1994', 'dd-MON-yyyy')
        , 'AC_ACCOUNT'
        , 8300
        , NULL
        , 205
        , 110
        );

INSERT INTO job_history
VALUES (102
       , TO_DATE('13-JAN-1993', 'dd-MON-yyyy')
       , TO_DATE('24-JUL-1998', 'dd-MON-yyyy')
       , 'IT_PROG'
       , 60);

INSERT INTO job_history
VALUES (101
       , TO_DATE('21-SET-1989', 'dd-MON-yyyy')
       , TO_DATE('27-OUT-1993', 'dd-MON-yyyy')
       , 'AC_ACCOUNT'
       , 110);

INSERT INTO job_history
VALUES (101
       , TO_DATE('28-OUT-1993', 'dd-MON-yyyy')
       , TO_DATE('15-MAR-1997', 'dd-MON-yyyy')
       , 'AC_MGR'
       , 110);

INSERT INTO job_history
VALUES (201
       , TO_DATE('17-FEV-1996', 'dd-MON-yyyy')
       , TO_DATE('19-DEZ-1999', 'dd-MON-yyyy')
       , 'MK_REP'
       , 20);

INSERT INTO job_history
VALUES  (200
        , TO_DATE('17-SET-1987', 'dd-MON-yyyy')
        , TO_DATE('17-JUN-1993', 'dd-MON-yyyy')
        , 'AD_ASST'
        , 90
        );

INSERT INTO job_history
VALUES  (176
        , TO_DATE('24-MAR-1998', 'dd-MON-yyyy')
        , TO_DATE('31-DEZ-1998', 'dd-MON-yyyy')
        , 'SA_REP'
        , 80
        );

INSERT INTO job_history
VALUES  (176
        , TO_DATE('01-JAN-1999', 'dd-MON-yyyy')
        , TO_DATE('31-DEZ-1999', 'dd-MON-yyyy')
        , 'SA_MAN'
        , 80
        );

INSERT INTO job_history
VALUES  (200
        , TO_DATE('01-JUL-1994', 'dd-MON-yyyy')
        , TO_DATE('31-DEZ-1998', 'dd-MON-yyyy')
        , 'AC_ACCOUNT'
        , 90
        );

ALTER TABLE departments 
  ENABLE CONSTRAINT dept_mgr_fk;

COMMIT;

CREATE INDEX emp_department_ix
       ON employees (department_id);

CREATE INDEX emp_job_ix
       ON employees (job_id);

CREATE INDEX emp_manager_ix
       ON employees (manager_id);

CREATE INDEX emp_name_ix
       ON employees (last_name, first_name);

CREATE INDEX dept_location_ix
       ON departments (location_id);

CREATE INDEX jhist_job_ix
       ON job_history (job_id);

CREATE INDEX jhist_employee_ix
       ON job_history (employee_id);

CREATE INDEX jhist_department_ix
       ON job_history (department_id);

CREATE INDEX loc_city_ix
       ON locations (city);

CREATE INDEX loc_state_province_ix	
       ON locations (state_province);

CREATE INDEX loc_country_ix
       ON locations (country_id);


/*
DROP VIEW emp_details_view;

DROP SEQUENCE departments_seq;
DROP SEQUENCE employees_seq;
DROP SEQUENCE locations_seq;

DROP TABLE regions     CASCADE CONSTRAINTS;
DROP TABLE departments CASCADE CONSTRAINTS;
DROP TABLE locations   CASCADE CONSTRAINTS;
DROP TABLE jobs        CASCADE CONSTRAINTS;
DROP TABLE job_history CASCADE CONSTRAINTS;
DROP TABLE employees   CASCADE CONSTRAINTS;
DROP TABLE countries   CASCADE CONSTRAINTS;
*/


SELECT last_name||' reports to '||
PRIOR last_name "Walk Top Down"
FROM employees
START WITH last_name = 'King'
CONNECT BY PRIOR employee_id = manager_id ;

SELECT employee_id, last_name, job_id, manager_id
FROM employees
START WITH employee_id = 101
CONNECT BY PRIOR manager_id = employee_id ;

COLUMN org_chart FORMAT A12;
SELECT LPAD(last_name, LENGTH(last_name)+(LEVEL*2)-2,'_')
 AS org_chart
FROM employees
START WITH first_name='Steven' AND last_name='King'
CONNECT BY PRIOR employee_id=manager_id;

SELECT last_name, salary, department_id
FROM employees
START WITH last_name = 'Mourgos'
CONNECT BY PRIOR employee_id = manager_id;

SELECT last_name
FROM employees
WHERE last_name != 'Lorentz'
START WITH last_name = 'Lorentz'
CONNECT BY PRIOR manager_id = employee_id;

COLUMN name FORMAT A20
SELECT LPAD(last_name, LENGTH(last_name)+(LEVEL*2)-
2,'_') name, manager_id mgr, department_id deptno
FROM employees
START WITH last_name = 'Kochhar'
CONNECT BY PRIOR employee_id = manager_id
COLUMN name CLEAR;

SELECT last_name,employee_id, manager_id
FROM employees
WHERE job_id != 'IT_PROG'
START WITH manager_id IS NULL
CONNECT BY PRIOR employee_id = manager_id
AND last_name != 'De Haan';

WITH
dept_costs AS (
 SELECT d.department_name, SUM(e.salary) AS dept_total
 FROM employees e JOIN departments d
 ON e.department_id = d.department_id
 GROUP BY d.department_name),
avg_cost AS (
 SELECT SUM(dept_total)/COUNT(*) AS dept_avg
 FROM dept_costs)
SELECT *
FROM dept_costs
WHERE dept_total >
 (SELECT dept_avg
 FROM avg_cost)
ORDER BY department_name;

WITH
summary AS (
 SELECT d.department_name, SUM(e.salary) AS dept_total
 FROM employees e, departments d
 WHERE e.department_id = d.department_id
 GROUP BY d.department_name)
SELECT department_name, dept_total
FROM summary
WHERE dept_total > ( SELECT SUM(dept_total) /8
 FROM summary )
ORDER BY dept_total DESC;

SELECT  table_name, tablespace_name
FROM user_tables;

